{"cameraMode":{"drawMode":0,"name":"Shaded","section":"Shading Mode"},"sceneLighting":true,"audioPlay":false,"sceneViewState":{"m_AlwaysRefresh":false,"showFog":true,"showSkybox":true,"showFlares":true,"showImageEffects":true,"showParticleSystems":true,"showVisualEffectGraphs":true,"m_FxEnabled":true},"in2DMode":false,"pivot":{"x":2.514317274093628,"y":1.3318004608154297,"z":-5.4051055908203129},"rotation":{"x":0.0038590608164668085,"y":0.9870664477348328,"z":-0.15859322249889375,"w":0.02399018220603466},"size":21.862573623657228,"orthographic":false}